id,risk_bucket
UA0102001,Непереборний
UA0102003,Непереборний
UA0102005,Непереборний
UA0102007,Непереборний
UA0102009,Непереборний
UA0102011,Непереборний
UA0102013,Непереборний
UA0102015,Непереборний
UA0102017,Непереборний
UA0102019,Непереборний
UA0102021,Непереборний
UA0102023,Непереборний
UA0102025,Непереборний
UA0102027,Непереборний
UA0102029,Непереборний
UA0102031,Непереборний
UA0102033,Непереборний
UA0102035,Непереборний
UA0102037,Непереборний
UA0102039,Непереборний
UA0102041,Непереборний
UA0102043,Непереборний
UA0102045,Непереборний
UA0102047,Непереборний
UA0104001,Непереборний
UA0104003,Непереборний
UA0104005,Непереборний
UA0104007,Непереборний
UA0104009,Непереборний
UA0104011,Непереборний
UA0104013,Непереборний
UA0104015,Непереборний
UA0104017,Непереборний
UA0104019,Непереборний
UA0104021,Непереборний
UA0104023,Непереборний
UA0104025,Непереборний
UA0104027,Непереборний
UA0104029,Непереборний
UA0104031,Непереборний
UA0104033,Непереборний
UA0104035,Непереборний
UA0104037,Непереборний
UA0104039,Непереборний
UA0104041,Непереборний
UA0104043,Непереборний
UA0104045,Непереборний
UA0104047,Непереборний
UA0104049,Непереборний
UA0104051,Непереборний
UA0104053,Непереборний
UA0104055,Непереборний
UA0104057,Непереборний
UA0104059,Непереборний
UA0104061,Непереборний
UA0104063,Непереборний
UA0104065,Непереборний
UA0104067,Непереборний
UA0104069,Непереборний
UA0104071,Непереборний
UA0104073,Непереборний
UA0104075,Непереборний
UA0106001,Непереборний
UA0106003,Непереборний
UA0106005,Непереборний
UA0106007,Непереборний
UA0106009,Непереборний
UA0106011,Непереборний
UA0106013,Непереборний
UA0106015,Непереборний
UA0106017,Непереборний
UA0106019,Непереборний
UA0106021,Непереборний
UA0106023,Непереборний
UA0106025,Непереборний
UA0106027,Непереборний
UA0106029,Непереборний
UA0106031,Непереборний
UA0106033,Непереборний
UA0106035,Непереборний
UA0106037,Непереборний
UA0106039,Непереборний
UA0106041,Непереборний
UA0106043,Непереборний
UA0106045,Непереборний
UA0106047,Непереборний
UA0106049,Непереборний
UA0106051,Непереборний
UA0106053,Непереборний
UA0106055,Непереборний
UA0106057,Непереборний
UA0108001,Непереборний
UA0108003,Непереборний
UA0108005,Непереборний
UA0108007,Непереборний
UA0108009,Непереборний
UA0108011,Непереборний
UA0108013,Непереборний
UA0108015,Непереборний
UA0108017,Непереборний
UA0108019,Непереборний
UA0108021,Непереборний
UA0108023,Непереборний
UA0108025,Непереборний
UA0108027,Непереборний
UA0108029,Непереборний
UA0108031,Непереборний
UA0108033,Непереборний
UA0108035,Непереборний
UA0108037,Непереборний
UA0108039,Непереборний
UA0108041,Непереборний
UA0108043,Непереборний
UA0108045,Непереборний
UA0108047,Непереборний
UA0108049,Непереборний
UA0108051,Непереборний
UA0108053,Непереборний
UA0108055,Непереборний
UA0108057,Непереборний
UA0108059,Непереборний
UA0108061,Непереборний
UA0108063,Непереборний
UA0108065,Непереборний
UA0108067,Непереборний
UA0108069,Непереборний
UA0108071,Непереборний
UA0108073,Непереборний
UA0108075,Непереборний
UA0108077,Непереборний
UA0108079,Непереборний
UA0110001,Непереборний
UA0110003,Непереборний
UA0110005,Непереборний
UA0110007,Непереборний
UA0110009,Непереборний
UA0110011,Непереборний
UA0110013,Непереборний
UA0110015,Непереборний
UA0110017,Непереборний
UA0110019,Непереборний
UA0110021,Непереборний
UA0110023,Непереборний
UA0110025,Непереборний
UA0110027,Непереборний
UA0110029,Непереборний
UA0110031,Непереборний
UA0110033,Непереборний
UA0110035,Непереборний
UA0110037,Непереборний
UA0110039,Непереборний
UA0110041,Непереборний
UA0110043,Непереборний
UA0110045,Непереборний
UA0110047,Непереборний
UA0110049,Непереборний
UA0110051,Непереборний
UA0110053,Непереборний
UA0110055,Непереборний
UA0112001,Непереборний
UA0112003,Непереборний
UA0112005,Непереборний
UA0112007,Непереборний
UA0112009,Непереборний
UA0112011,Непереборний
UA0112013,Непереборний
UA0112015,Непереборний
UA0112017,Непереборний
UA0112019,Непереборний
UA0112021,Непереборний
UA0112023,Непереборний
UA0112025,Непереборний
UA0112027,Непереборний
UA0112029,Непереборний
UA0112031,Непереборний
UA0112033,Непереборний
UA0112035,Непереборний
UA0112037,Непереборний
UA0112039,Непереборний
UA0112041,Непереборний
UA0112043,Непереборний
UA0112045,Непереборний
UA0112047,Непереборний
UA0112049,Непереборний
UA0112051,Непереборний
UA0112053,Непереборний
UA0112055,Непереборний
UA0112057,Непереборний
UA0112059,Непереборний
UA0112061,Непереборний
UA0112063,Непереборний
UA0112065,Непереборний
UA0112067,Непереборний
UA0112069,Непереборний
UA0112071,Непереборний
UA0112073,Непереборний
UA0114001,Непереборний
UA0114003,Непереборний
UA0114005,Непереборний
UA0114007,Непереборний
UA0114009,Непереборний
UA0114011,Непереборний
UA0114013,Непереборний
UA0114015,Непереборний
UA0114017,Непереборний
UA0114019,Непереборний
UA0114021,Непереборний
UA0114023,Непереборний
UA0114025,Непереборний
UA0114027,Непереборний
UA0114029,Непереборний
UA0114031,Непереборний
UA0114033,Непереборний
UA0114035,Непереборний
UA0114037,Непереборний
UA0114039,Непереборний
UA0114041,Непереборний
UA0114043,Непереборний
UA0114045,Непереборний
UA0114047,Непереборний
UA0114049,Непереборний
UA0114051,Непереборний
UA0114053,Непереборний
UA0116001,Непереборний
UA0116003,Непереборний
UA0116005,Непереборний
UA0116007,Непереборний
UA0116009,Непереборний
UA0116011,Непереборний
UA0116013,Непереборний
UA0116015,Непереборний
UA0116017,Непереборний
UA0116019,Непереборний
UA0116021,Непереборний
UA0116023,Непереборний
UA0116025,Непереборний
UA0116027,Непереборний
UA0116029,Непереборний
UA0116031,Непереборний
UA0116033,Непереборний
UA0116035,Непереборний
UA0116037,Непереборний
UA0116039,Непереборний
UA0116041,Непереборний
UA0116043,Непереборний
UA0116045,Непереборний
UA0116047,Непереборний
UA0118001,Непереборний
UA0118003,Непереборний
UA0118005,Непереборний
UA0118007,Непереборний
UA0118009,Непереборний
UA0118011,Непереборний
UA0118013,Непереборний
UA0118015,Непереборний
UA0118017,Непереборний
UA0118019,Непереборний
UA0118021,Непереборний
UA0118023,Непереборний
UA0118025,Непереборний
UA0118027,Непереборний
UA0118029,Непереборний
UA0118031,Непереборний
UA0118033,Непереборний
UA0118035,Непереборний
UA0118037,Непереборний
UA0118039,Непереборний
UA0118041,Непереборний
UA0118043,Непереборний
UA0118045,Непереборний
UA0118047,Непереборний
UA0118049,Непереборний
UA0118051,Непереборний
UA0118053,Непереборний
UA0118055,Непереборний
UA0118057,Непереборний
UA0118059,Непереборний
UA0118061,Непереборний
UA0118063,Непереборний
UA0118065,Непереборний
UA0118067,Непереборний
UA0118069,Непереборний
UA0118071,Непереборний
UA0118073,Непереборний
UA0118075,Непереборний
UA0118077,Непереборний
UA0118079,Непереборний
UA0120001,Непереборний
UA0120003,Непереборний
UA0120005,Непереборний
UA0120007,Непереборний
UA0120009,Непереборний
UA0120011,Непереборний
UA0120013,Непереборний
UA0120015,Непереборний
UA0120017,Непереборний
UA0120019,Непереборний
UA0120021,Непереборний
UA0120023,Непереборний
UA0120025,Непереборний
UA0120027,Непереборний
UA0120029,Непереборний
UA0120031,Непереборний
UA0502001,Задовільний
UA0502003,Помірний
UA0502005,Задовільний
UA0502007,Задовільний
UA0502009,Задовільний
UA0502011,Задовільний
UA0502013,Задовільний
UA0502015,Задовільний
UA0502017,Задовільний
UA0502019,Задовільний
UA0502021,Задовільний
UA0502023,Задовільний
UA0502025,Задовільний
UA0502027,Задовільний
UA0502029,Задовільний
UA0502031,Задовільний
UA0504001,Помірний
UA0504003,Задовільний
UA0504005,Задовільний
UA0504007,Помірний
UA0504009,Задовільний
UA0504011,Задовільний
UA0504013,Високий
UA0504015,Помірний
UA0504017,Помірний
UA0504019,Задовільний
UA0504021,Помірний
UA0504023,Помірний
UA0504025,Помірний
UA0504027,Високий
UA0506001,Задовільний
UA0506003,Задовільний
UA0506005,Задовільний
UA0506007,Задовільний
UA0506009,Задовільний
UA0506011,Задовільний
UA0506013,Задовільний
UA0506015,Задовільний
UA0508001,Помірний
UA0508003,Задовільний
UA0508005,Задовільний
UA0508007,Задовільний
UA0508009,Задовільний
UA0508011,Високий
UA0508013,Задовільний
UA0510001,Задовільний
UA0510003,Помірний
UA0510005,Високий
UA0510007,Помірний
UA0510009,Дуже високий
UA0510011,Дуже високий
UA0510013,Помірний
UA0510015,Задовільний
UA0510017,Задовільний
UA0512001,Задовільний
UA0512003,Задовільний
UA0512005,Задовільний
UA0512007,Задовільний
UA0512009,Високий
UA0512011,Задовільний
UA0512013,Задовільний
UA0512015,Задовільний
UA0512017,Задовільний
UA0702001,Помірний
UA0702003,Задовільний
UA0702005,Задовільний
UA0702007,Задовільний
UA0702009,Помірний
UA0702011,Задовільний
UA0702013,Задовільний
UA0702015,Помірний
UA0702017,Задовільний
UA0702019,Помірний
UA0702021,Помірний
UA0704001,Високий
UA0704003,Дуже високий
UA0704005,Помірний
UA0704007,Високий
UA0704009,Високий
UA0706001,Високий
UA0706003,Помірний
UA0706005,Високий
UA0706007,Помірний
UA0706009,Дуже високий
UA0706011,Дуже високий
UA0706013,Високий
UA0706015,Дуже високий
UA0706017,Дуже високий
UA0706019,Високий
UA0706021,Помірний
UA0706023,Високий
UA0706025,Високий
UA0706027,Високий
UA0706029,Помірний
UA0706031,Дуже високий
UA0706033,Дуже високий
UA0706035,Дуже високий
UA0706037,Високий
UA0706039,Високий
UA0706041,Дуже високий
UA0706043,Помірний
UA0706045,Дуже високий
UA0708001,Задовільний
UA0708003,Задовільний
UA0708005,Задовільний
UA0708007,Задовільний
UA0708009,Задовільний
UA0708011,Задовільний
UA0708013,Задовільний
UA0708015,Задовільний
UA0708017,Помірний
UA0708019,Задовільний
UA0708021,Задовільний
UA0708023,Задовільний
UA0708025,Задовільний
UA0708027,Задовільний
UA0708029,Задовільний
UA1202001,Високий
UA1202003,Помірний
UA1202005,Високий
UA1202007,Помірний
UA1202009,Високий
UA1202011,Помірний
UA1202013,Високий
UA1202015,Дуже високий
UA1202017,Високий
UA1202019,Високий
UA1202021,Високий
UA1202023,Високий
UA1202025,Високий
UA1202027,Дуже високий
UA1202029,Високий
UA1202031,Помірний
UA1202033,Високий
UA1204001,Високий
UA1204003,Високий
UA1204005,Високий
UA1204007,Високий
UA1204009,Високий
UA1204011,Високий
UA1204013,Високий
UA1204015,Високий
UA1204017,Високий
UA1204019,Помірний
UA1204021,Високий
UA1204023,Високий
UA1206001,Дуже високий
UA1206003,Високий
UA1206005,Високий
UA1206007,Високий
UA1206009,Дуже високий
UA1206011,Високий
UA1206013,Дуже високий
UA1206015,Дуже високий
UA1206017,Високий
UA1206019,Високий
UA1206021,Дуже високий
UA1206023,Високий
UA1206025,Високий
UA1206027,Високий
UA1206029,Дуже високий
UA1208001,Непереборний
UA1208003,Дуже високий
UA1208005,Непереборний
UA1208007,Дуже високий
UA1208009,Дуже високий
UA1208011,Дуже високий
UA1208013,Дуже високий
UA1208015,Непереборний
UA1210001,Високий
UA1210003,Помірний
UA1210005,Помірний
UA1210007,Високий
UA1210009,Високий
UA1210011,Високий
UA1210013,Високий
UA1210015,Помірний
UA1212001,Дуже високий
UA1212003,Високий
UA1212005,Високий
UA1212007,Високий
UA1212009,Дуже високий
UA1212011,Високий
UA1212013,Дуже високий
UA1214001,Дуже високий
UA1214003,Дуже високий
UA1214005,Дуже високий
UA1214007,Дуже високий
UA1214009,Високий
UA1214011,Високий
UA1214013,Дуже високий
UA1214015,Дуже високий
UA1214017,Високий
UA1214019,Дуже високий
UA1214021,Дуже високий
UA1214023,Дуже високий
UA1214025,Дуже високий
UA1214027,Дуже високий
UA1214029,Високий
UA1214031,Високий
UA1214033,Дуже високий
UA1214035,Дуже високий
UA1214037,Дуже високий
UA1402001,Непереборний
UA1402003,Непереборний
UA1402005,Непереборний
UA1402007,Непереборний
UA1402009,Непереборний
UA1402011,Непереборний
UA1402013,Непереборний
UA1404001,Непереборний
UA1404003,Непереборний
UA1404005,Непереборний
UA1404007,Непереборний
UA1404009,Непереборний
UA1404011,Непереборний
UA1404013,Непереборний
UA1404015,Непереборний
UA1406001,Непереборний
UA1406003,Непереборний
UA1406005,Непереборний
UA1406007,Непереборний
UA1406009,Непереборний
UA1406011,Непереборний
UA1406013,Непереборний
UA1406015,Непереборний
UA1406017,Непереборний
UA1408001,Непереборний
UA1408003,Непереборний
UA1408005,Непереборний
UA1408007,Непереборний
UA1408009,Непереборний
UA1408011,Непереборний
UA1410001,Непереборний
UA1410003,Непереборний
UA1410005,Непереборний
UA1410007,Непереборний
UA1410009,Непереборний
UA1412001,Дуже високий
UA1412003,Дуже високий
UA1412005,Непереборний
UA1412007,Непереборний
UA1412009,Дуже високий
UA1412011,Непереборний
UA1412013,Дуже високий
UA1412015,Дуже високий
UA1412017,Дуже високий
UA1412019,Дуже високий
UA1412021,Дуже високий
UA1412023,Дуже високий
UA1414001,Непереборний
UA1414003,Непереборний
UA1414005,Непереборний
UA1414007,Непереборний
UA1414009,Непереборний
UA1416001,Непереборний
UA1416003,Дуже високий
UA1416005,Непереборний
UA1416007,Дуже високий
UA1416009,Дуже високий
UA1416011,Непереборний
UA1416013,Непереборний
UA1416015,Непереборний
UA1416017,Непереборний
UA1416019,Непереборний
UA1416021,Непереборний
UA1416023,Непереборний
UA1416025,Непереборний
UA1416027,Дуже високий
UA1802001,Задовільний
UA1802003,Помірний
UA1802005,Задовільний
UA1802007,Задовільний
UA1802009,Задовільний
UA1802011,Задовільний
UA1802013,Задовільний
UA1802015,Задовільний
UA1802017,Задовільний
UA1802019,Задовільний
UA1804001,Задовільний
UA1804003,Задовільний
UA1804005,Помірний
UA1804007,Задовільний
UA1804009,Помірний
UA1804011,Задовільний
UA1804013,Задовільний
UA1804015,Задовільний
UA1804017,Помірний
UA1804019,Помірний
UA1804021,Задовільний
UA1804023,Помірний
UA1804025,Задовільний
UA1804027,Задовільний
UA1804029,Задовільний
UA1804031,Задовільний
UA1804033,Помірний
UA1804035,Задовільний
UA1804037,Задовільний
UA1804039,Задовільний
UA1804041,Помірний
UA1804043,Задовільний
UA1804045,Помірний
UA1804047,Задовільний
UA1804049,Задовільний
UA1804051,Помірний
UA1804053,Задовільний
UA1804055,Задовільний
UA1804057,Задовільний
UA1804059,Помірний
UA1804061,Задовільний
UA1806001,Високий
UA1806003,Дуже високий
UA1806005,Високий
UA1806007,Помірний
UA1806009,Високий
UA1806011,Високий
UA1806013,Помірний
UA1806015,Дуже високий
UA1806017,Дуже високий
UA1806019,Високий
UA1806021,Дуже високий
UA1806023,Помірний
UA1806025,Помірний
UA1808001,Задовільний
UA1808003,Помірний
UA1808005,Задовільний
UA1808007,Помірний
UA1808009,Задовільний
UA1808011,Задовільний
UA1808013,Помірний
UA1808015,Помірний
UA1808017,Задовільний
UA1808019,Задовільний
UA1808021,Помірний
UA1808023,Задовільний
UA2102001,Задовільний
UA2102003,Задовільний
UA2102005,Задовільний
UA2102007,Задовільний
UA2102009,Задовільний
UA2102011,Задовільний
UA2102013,Задовільний
UA2102015,Задовільний
UA2102017,Задовільний
UA2102019,Задовільний
UA2104001,Задовільний
UA2104003,Задовільний
UA2104005,Помірний
UA2104007,Задовільний
UA2104009,Задовільний
UA2104011,Задовільний
UA2104013,Задовільний
UA2104015,Задовільний
UA2104017,Задовільний
UA2104019,Задовільний
UA2104021,Задовільний
UA2104023,Помірний
UA2104025,Задовільний
UA2106001,Задовільний
UA2106003,Задовільний
UA2106005,Помірний
UA2106007,Задовільний
UA2108001,Задовільний
UA2108003,Задовільний
UA2108005,Задовільний
UA2108007,Задовільний
UA2108009,Задовільний
UA2108011,Задовільний
UA2108013,Помірний
UA2108015,Задовільний
UA2108017,Задовільний
UA2108019,Задовільний
UA2110001,Задовільний
UA2110003,Задовільний
UA2110005,Задовільний
UA2110007,Задовільний
UA2110009,Задовільний
UA2110011,Помірний
UA2110013,Задовільний
UA2110015,Задовільний
UA2110017,Помірний
UA2110019,Задовільний
UA2110021,Задовільний
UA2110023,Задовільний
UA2110025,Задовільний
UA2110027,Високий
UA2112001,Задовільний
UA2112003,Задовільний
UA2112005,Задовільний
UA2112007,Задовільний
UA2112009,Задовільний
UA2112011,Задовільний
UA2112013,Задовільний
UA2112015,Задовільний
UA2112017,Задовільний
UA2112019,Задовільний
UA2112021,Задовільний
UA2112023,Задовільний
UA2112025,Задовільний
UA2302001,Непереборний
UA2302003,Непереборний
UA2302005,Непереборний
UA2302007,Непереборний
UA2302009,Непереборний
UA2302011,Непереборний
UA2302013,Непереборний
UA2302015,Непереборний
UA2304001,Непереборний
UA2304003,Непереборний
UA2304005,Непереборний
UA2304007,Непереборний
UA2304009,Непереборний
UA2304011,Непереборний
UA2304013,Непереборний
UA2304015,Непереборний
UA2304017,Непереборний
UA2304019,Непереборний
UA2304021,Непереборний
UA2306001,Дуже високий
UA2306003,Дуже високий
UA2306005,Дуже високий
UA2306007,Дуже високий
UA2306009,Дуже високий
UA2306011,Дуже високий
UA2306013,Дуже високий
UA2306015,Дуже високий
UA2306017,Дуже високий
UA2306019,Дуже високий
UA2306021,Дуже високий
UA2306023,Дуже високий
UA2306025,Дуже високий
UA2306027,Дуже високий
UA2306029,Непереборний
UA2306031,Дуже високий
UA2306033,Дуже високий
UA2308001,Непереборний
UA2308003,Непереборний
UA2308005,Непереборний
UA2308007,Непереборний
UA2308009,Непереборний
UA2308011,Непереборний
UA2308013,Непереборний
UA2308015,Непереборний
UA2308017,Непереборний
UA2308019,Непереборний
UA2308021,Непереборний
UA2308023,Непереборний
UA2308025,Непереборний
UA2308027,Непереборний
UA2308029,Непереборний
UA2308031,Непереборний
UA2310001,Непереборний
UA2310003,Непереборний
UA2310005,Непереборний
UA2310007,Непереборний
UA2310009,Непереборний
UA2310011,Непереборний
UA2310013,Непереборний
UA2310015,Непереборний
UA2310017,Непереборний
UA2310019,Непереборний
UA2310021,Непереборний
UA2310023,Непереборний
UA2310025,Непереборний
UA2310027,Непереборний
UA2310029,Непереборний
UA2602001,Задовільний
UA2602003,Задовільний
UA2602005,Задовільний
UA2604001,Задовільний
UA2604003,Задовільний
UA2604005,Задовільний
UA2604007,Задовільний
UA2604009,Задовільний
UA2604011,Задовільний
UA2604013,Задовільний
UA2604015,Задовільний
UA2604017,Задовільний
UA2604019,Помірний
UA2604021,Задовільний
UA2604023,Задовільний
UA2604025,Задовільний
UA2604027,Задовільний
UA2604029,Задовільний
UA2604031,Задовільний
UA2604033,Задовільний
UA2604035,Задовільний
UA2604037,Помірний
UA2604039,Задовільний
UA2606001,Задовільний
UA2606003,Помірний
UA2606005,Задовільний
UA2606007,Задовільний
UA2606009,Задовільний
UA2606011,Задовільний
UA2606013,Задовільний
UA2606015,Задовільний
UA2606017,Задовільний
UA2606019,Задовільний
UA2606021,Задовільний
UA2606023,Задовільний
UA2606025,Задовільний
UA2608001,Задовільний
UA2608003,Задовільний
UA2608005,Задовільний
UA2608007,Задовільний
UA2608009,Задовільний
UA2608011,Задовільний
UA2608013,Задовільний
UA2608015,Задовільний
UA2608017,Задовільний
UA2608019,Задовільний
UA2608021,Задовільний
UA2608023,Задовільний
UA2608025,Задовільний
UA2610001,Задовільний
UA2610003,Задовільний
UA2610005,Задовільний
UA2610007,Задовільний
UA2610009,Задовільний
UA2612001,Помірний
UA2612003,Задовільний
UA2612005,Задовільний
UA2612007,Задовільний
UA2612009,Задовільний
UA2612011,Задовільний
UA2612013,Задовільний
UA2612015,Помірний
UA3202001,Високий
UA3202003,Задовільний
UA3202005,Помірний
UA3202007,Помірний
UA3202009,Задовільний
UA3202011,Задовільний
UA3202013,Задовільний
UA3202015,Задовільний
UA3202017,Задовільний
UA3202019,Задовільний
UA3202021,Задовільний
UA3202023,Помірний
UA3202025,Задовільний
UA3204001,Високий
UA3204003,Помірний
UA3204005,Помірний
UA3204007,Помірний
UA3204009,Помірний
UA3204011,Помірний
UA3204013,Помірний
UA3204015,Помірний
UA3204017,Помірний
UA3204019,Помірний
UA3204021,Помірний
UA3206001,Помірний
UA3206003,Помірний
UA3206005,Високий
UA3206007,Помірний
UA3206009,Високий
UA3206011,Помірний
UA3206013,Помірний
UA3206015,Високий
UA3208001,Помірний
UA3208003,Помірний
UA3208005,Високий
UA3208007,Помірний
UA3208009,Високий
UA3208011,Помірний
UA3208013,Помірний
UA3208015,Високий
UA3208017,Високий
UA3208019,Помірний
UA3208021,Помірний
UA3208023,Високий
UA3210001,Високий
UA3210003,Високий
UA3210005,Високий
UA3210007,Помірний
UA3210009,Високий
UA3210011,Дуже високий
UA3210013,Дуже високий
UA3212001,Задовільний
UA3212003,Високий
UA3212005,Помірний
UA3212007,Помірний
UA3212009,Помірний
UA3212011,Помірний
UA3212013,Помірний
UA3212015,Помірний
UA3212017,Помірний
UA3214001,Помірний
UA3214003,Високий
UA3214005,Помірний
UA3214007,Помірний
UA3214009,Помірний
UA3214011,Задовільний
UA3214013,Помірний
UA3214015,Помірний
UA3214017,Високий
UA3502001,Помірний
UA3502003,Помірний
UA3502005,Помірний
UA3502007,Помірний
UA3502009,Помірний
UA3502011,Помірний
UA3502013,Помірний
UA3502015,Помірний
UA3502017,Помірний
UA3502019,Помірний
UA3504001,Помірний
UA3504003,Помірний
UA3504005,Помірний
UA3504007,Високий
UA3504009,Помірний
UA3504011,Високий
UA3504013,Високий
UA3504015,Помірний
UA3504017,Помірний
UA3504019,Помірний
UA3504021,Помірний
UA3504023,Помірний
UA3504025,Помірний
UA3504027,Помірний
UA3504029,Помірний
UA3504031,Помірний
UA3504033,Високий
UA3506001,Помірний
UA3506003,Помірний
UA3506005,Помірний
UA3506007,Помірний
UA3506009,Помірний
UA3506011,Помірний
UA3506013,Помірний
UA3506015,Помірний
UA3506017,Помірний
UA3506019,Високий
UA3506021,Помірний
UA3506023,Помірний
UA3506025,Помірний
UA3508001,Помірний
UA3508003,Помірний
UA3508005,Помірний
UA3508007,Помірний
UA3508009,Помірний
UA3508011,Високий
UA3508013,Високий
UA3508015,Помірний
UA3508017,Помірний
UA4402001,Непереборний
UA4402003,Непереборний
UA4402005,Непереборний
UA4404001,Непереборний
UA4404003,Непереборний
UA4406001,Непереборний
UA4406003,Непереборний
UA4406005,Непереборний
UA4408001,Непереборний
UA4408003,Непереборний
UA4408005,Непереборний
UA4410001,Непереборний
UA4410003,Непереборний
UA4410005,Непереборний
UA4410007,Непереборний
UA4410009,Непереборний
UA4410011,Непереборний
UA4410013,Непереборний
UA4412001,Непереборний
UA4412003,Непереборний
UA4412005,Непереборний
UA4412007,Непереборний
UA4412009,Непереборний
UA4412011,Непереборний
UA4414001,Непереборний
UA4414003,Непереборний
UA4414005,Непереборний
UA4414007,Непереборний
UA4414009,Непереборний
UA4414011,Непереборний
UA4414013,Непереборний
UA4414015,Непереборний
UA4416001,Непереборний
UA4416003,Непереборний
UA4416005,Непереборний
UA4416007,Непереборний
UA4416009,Непереборний
UA4602001,Задовільний
UA4602003,Задовільний
UA4602005,Задовільний
UA4602007,Задовільний
UA4602009,Помірний
UA4604001,Задовільний
UA4604003,Задовільний
UA4604005,Задовільний
UA4604007,Задовільний
UA4604009,Задовільний
UA4604011,Задовільний
UA4604013,Задовільний
UA4606001,Задовільний
UA4606003,Помірний
UA4606005,Задовільний
UA4606007,Задовільний
UA4606009,Задовільний
UA4606011,Задовільний
UA4606013,Задовільний
UA4606015,Задовільний
UA4606017,Помірний
UA4606019,Задовільний
UA4606021,Задовільний
UA4606023,Задовільний
UA4606025,Високий
UA4606027,Помірний
UA4606029,Задовільний
UA4606031,Задовільний
UA4606033,Задовільний
UA4606035,Задовільний
UA4606037,Помірний
UA4606039,Задовільний
UA4606041,Задовільний
UA4606043,Помірний
UA4606045,Задовільний
UA4608001,Задовільний
UA4608003,Задовільний
UA4608005,Задовільний
UA4608007,Задовільний
UA4608009,Задовільний
UA4608011,Задовільний
UA4608013,Задовільний
UA4608015,Задовільний
UA4608017,Задовільний
UA4608019,Задовільний
UA4608021,Задовільний
UA4610001,Задовільний
UA4610003,Задовільний
UA4610005,Задовільний
UA4610007,Задовільний
UA4610009,Задовільний
UA4610011,Задовільний
UA4610013,Задовільний
UA4610015,Помірний
UA4610017,Задовільний
UA4610019,Помірний
UA4610021,Задовільний
UA4610023,Задовільний
UA4610025,Задовільний
UA4610027,Задовільний
UA4612001,Задовільний
UA4612003,Задовільний
UA4612005,Задовільний
UA4612007,Задовільний
UA4612009,Задовільний
UA4612011,Задовільний
UA4612013,Задовільний
UA4614001,Задовільний
UA4614003,Задовільний
UA4614005,Задовільний
UA4614007,Задовільний
UA4614009,Задовільний
UA4614011,Задовільний
UA4802001,Дуже високий
UA4802003,Дуже високий
UA4802005,Дуже високий
UA4802007,Дуже високий
UA4802009,Дуже високий
UA4802011,Дуже високий
UA4802013,Дуже високий
UA4802015,Дуже високий
UA4802017,Дуже високий
UA4802019,Дуже високий
UA4802021,Дуже високий
UA4802023,Дуже високий
UA4804001,Помірний
UA4804003,Високий
UA4804005,Високий
UA4804007,Високий
UA4804009,Високий
UA4804011,Високий
UA4804013,Високий
UA4804015,Високий
UA4804017,Помірний
UA4804019,Високий
UA4804021,Високий
UA4804023,Високий
UA4804025,Високий
UA4806001,Дуже високий
UA4806003,Дуже високий
UA4806005,Дуже високий
UA4806007,Дуже високий
UA4806009,Дуже високий
UA4806011,Дуже високий
UA4806013,Непереборний
UA4806015,Дуже високий
UA4806017,Дуже високий
UA4806019,Дуже високий
UA4806021,Дуже високий
UA4806023,Високий
UA4806025,Непереборний
UA4806027,Дуже високий
UA4806029,Дуже високий
UA4806031,Високий
UA4806033,Дуже високий
UA4806035,Дуже високий
UA4806037,Дуже високий
UA4808001,Помірний
UA4808003,Помірний
UA4808005,Помірний
UA4808007,Помірний
UA4808009,Помірний
UA4808011,Помірний
UA4808013,Помірний
UA4808015,Помірний
UA5102001,Високий
UA5102003,Високий
UA5102005,Високий
UA5102007,Високий
UA5102009,Високий
UA5102011,Високий
UA5102013,Високий
UA5102015,Високий
UA5102017,Високий
UA5102019,Високий
UA5102021,Високий
UA5102023,Високий
UA5102025,Високий
UA5102027,Високий
UA5102029,Високий
UA5102031,Високий
UA5104001,Високий
UA5104003,Помірний
UA5104005,Високий
UA5104007,Високий
UA5104009,Помірний
UA5104011,Високий
UA5104013,Високий
UA5104015,Помірний
UA5104017,Помірний
UA5104019,Помірний
UA5104021,Високий
UA5104023,Високий
UA5104025,Помірний
UA5104027,Високий
UA5104029,Високий
UA5104031,Високий
UA5106001,Помірний
UA5106003,Помірний
UA5106005,Помірний
UA5106007,Помірний
UA5106009,Помірний
UA5106011,Помірний
UA5106013,Помірний
UA5106015,Помірний
UA5106017,Помірний
UA5106019,Помірний
UA5108001,Помірний
UA5108003,Помірний
UA5108005,Помірний
UA5108007,Помірний
UA5108009,Помірний
UA5108011,Помірний
UA5110001,Високий
UA5110003,Високий
UA5110005,Високий
UA5110007,Високий
UA5110009,Високий
UA5110011,Дуже високий
UA5110013,Високий
UA5110015,Високий
UA5110017,Високий
UA5110019,Високий
UA5110021,Високий
UA5110023,Високий
UA5110025,Високий
UA5110027,Високий
UA5110029,Високий
UA5110031,Високий
UA5110033,Високий
UA5110035,Високий
UA5110037,Високий
UA5110039,Дуже високий
UA5110041,Дуже високий
UA5110043,Дуже високий
UA5112001,Помірний
UA5112003,Високий
UA5112005,Помірний
UA5112007,Помірний
UA5112009,Дуже високий
UA5112011,Високий
UA5112013,Помірний
UA5112015,Дуже високий
UA5112017,Помірний
UA5112019,Високий
UA5112021,Помірний
UA5112023,Дуже високий
UA5114001,Високий
UA5114003,Дуже високий
UA5114005,Високий
UA5114007,Дуже високий
UA5114009,Дуже високий
UA5114011,Високий
UA5114013,Дуже високий
UA5114015,Дуже високий
UA5114017,Високий
UA5302001,Помірний
UA5302003,Помірний
UA5302005,Помірний
UA5302007,Помірний
UA5302009,Помірний
UA5302011,Високий
UA5302013,Помірний
UA5302015,Помірний
UA5302017,Помірний
UA5302019,Помірний
UA5302021,Помірний
UA5302023,Помірний
UA5304001,Помірний
UA5304003,Помірний
UA5304005,Помірний
UA5304007,Помірний
UA5304009,Помірний
UA5304011,Помірний
UA5304013,Помірний
UA5306001,Помірний
UA5306003,Помірний
UA5306005,Високий
UA5306007,Високий
UA5306009,Високий
UA5306011,Високий
UA5306013,Високий
UA5306015,Високий
UA5306017,Високий
UA5306019,Високий
UA5306021,Високий
UA5306023,Помірний
UA5306025,Високий
UA5306027,Високий
UA5306029,Високий
UA5306031,Високий
UA5306033,Високий
UA5308001,Помірний
UA5308003,Високий
UA5308005,Високий
UA5308007,Помірний
UA5308009,Високий
UA5308011,Високий
UA5308013,Помірний
UA5308015,Високий
UA5308017,Дуже високий
UA5308019,Високий
UA5308021,Високий
UA5308023,Високий
UA5308025,Високий
UA5308027,Високий
UA5308029,Помірний
UA5308031,Помірний
UA5308033,Високий
UA5308035,Високий
UA5308037,Високий
UA5308039,Помірний
UA5308041,Дуже високий
UA5308043,Високий
UA5308045,Дуже високий
UA5308047,Високий
UA5602001,Високий
UA5602003,Помірний
UA5602005,Високий
UA5602007,Дуже високий
UA5602009,Високий
UA5602011,Дуже високий
UA5602013,Помірний
UA5602015,Високий
UA5604001,Задовільний
UA5604003,Задовільний
UA5604005,Задовільний
UA5604007,Помірний
UA5604009,Задовільний
UA5604011,Помірний
UA5604013,Задовільний
UA5604015,Задовільний
UA5604017,Задовільний
UA5604019,Задовільний
UA5604021,Задовільний
UA5604023,Задовільний
UA5604025,Задовільний
UA5604027,Задовільний
UA5604029,Задовільний
UA5604031,Задовільний
UA5604033,Задовільний
UA5604035,Задовільний
UA5604037,Задовільний
UA5606001,Задовільний
UA5606003,Помірний
UA5606005,Задовільний
UA5606007,Задовільний
UA5606009,Задовільний
UA5606011,Задовільний
UA5606013,Задовільний
UA5606015,Задовільний
UA5606017,Задовільний
UA5606019,Задовільний
UA5606021,Задовільний
UA5606023,Задовільний
UA5606025,Задовільний
UA5606027,Задовільний
UA5606029,Помірний
UA5606031,Задовільний
UA5606033,Задовільний
UA5606035,Помірний
UA5606037,Помірний
UA5606039,Помірний
UA5606041,Задовільний
UA5606043,Задовільний
UA5606045,Задовільний
UA5606047,Помірний
UA5606049,Помірний
UA5606051,Задовільний
UA5608001,Дуже високий
UA5608003,Високий
UA5608005,Дуже високий
UA5608007,Дуже високий
UA5608009,Високий
UA5608011,Дуже високий
UA5608013,Високий
UA5608015,Високий
UA5608017,Високий
UA5608019,Дуже високий
UA5608021,Помірний
UA5902001,Високий
UA5902003,Дуже високий
UA5902005,Високий
UA5902007,Високий
UA5902009,Дуже високий
UA5902011,Дуже високий
UA5902013,Високий
UA5902015,Дуже високий
UA5904001,Дуже високий
UA5904003,Непереборний
UA5904005,Дуже високий
UA5904007,Дуже високий
UA5904009,Дуже високий
UA5904011,Дуже високий
UA5904013,Дуже високий
UA5904015,Дуже високий
UA5904017,Дуже високий
UA5906001,Високий
UA5906003,Дуже високий
UA5906005,Високий
UA5906007,Високий
UA5906009,Дуже високий
UA5906011,Високий
UA5906013,Високий
UA5906015,Високий
UA5908001,Дуже високий
UA5908003,Непереборний
UA5908005,Дуже високий
UA5908007,Дуже високий
UA5908009,Дуже високий
UA5908011,Високий
UA5908013,Дуже високий
UA5908015,Дуже високий
UA5908017,Дуже високий
UA5908019,Дуже високий
UA5908021,Дуже високий
UA5908023,Дуже високий
UA5908025,Дуже високий
UA5908027,Дуже високий
UA5908029,Непереборний
UA5908031,Непереборний
UA5910001,Дуже високий
UA5910003,Дуже високий
UA5910005,Дуже високий
UA5910007,Дуже високий
UA5910009,Дуже високий
UA5910011,Дуже високий
UA5910013,Непереборний
UA5910015,Дуже високий
UA5910017,Дуже високий
UA5910019,Дуже високий
UA6102001,Задовільний
UA6102003,Задовільний
UA6102005,Задовільний
UA6102007,Задовільний
UA6102009,Задовільний
UA6102011,Задовільний
UA6102013,Задовільний
UA6102015,Задовільний
UA6104001,Задовільний
UA6104003,Задовільний
UA6104005,Задовільний
UA6104007,Задовільний
UA6104009,Задовільний
UA6104011,Задовільний
UA6104013,Задовільний
UA6104015,Задовільний
UA6104017,Задовільний
UA6104019,Задовільний
UA6104021,Задовільний
UA6104023,Задовільний
UA6104025,Задовільний
UA6104027,Задовільний
UA6104029,Задовільний
UA6104031,Задовільний
UA6104033,Задовільний
UA6104035,Задовільний
UA6104037,Задовільний
UA6104039,Задовільний
UA6104041,Задовільний
UA6104043,Задовільний
UA6104045,Задовільний
UA6104047,Задовільний
UA6104049,Високий
UA6106001,Задовільний
UA6106003,Задовільний
UA6106005,Задовільний
UA6106007,Задовільний
UA6106009,Задовільний
UA6106011,Задовільний
UA6106013,Задовільний
UA6106015,Задовільний
UA6106017,Задовільний
UA6106019,Задовільний
UA6106021,Задовільний
UA6106023,Задовільний
UA6106025,Задовільний
UA6106027,Задовільний
UA6106029,Задовільний
UA6106031,Задовільний
UA6106033,Задовільний
UA6106035,Задовільний
UA6106037,Задовільний
UA6106039,Задовільний
UA6106041,Задовільний
UA6106043,Помірний
UA6302001,Дуже високий
UA6302003,Дуже високий
UA6302005,Дуже високий
UA6302007,Дуже високий
UA6302009,Дуже високий
UA6304001,Дуже високий
UA6304003,Дуже високий
UA6304005,Непереборний
UA6304007,Дуже високий
UA6304009,Дуже високий
UA6304011,Дуже високий
UA6304013,Дуже високий
UA6304015,Дуже високий
UA6306001,Високий
UA6306003,Високий
UA6306005,Високий
UA6306007,Високий
UA6306009,Дуже високий
UA6306011,Дуже високий
UA6308001,Дуже високий
UA6308003,Дуже високий
UA6308005,Непереборний
UA6308007,Непереборний
UA6308009,Непереборний
UA6308011,Непереборний
UA6308013,Непереборний
UA6308015,Дуже високий
UA6310001,Дуже високий
UA6310003,Дуже високий
UA6310005,Дуже високий
UA6310007,Дуже високий
UA6310009,Дуже високий
UA6312001,Дуже високий
UA6312003,Дуже високий
UA6312005,Дуже високий
UA6312007,Дуже високий
UA6312009,Непереборний
UA6312011,Дуже високий
UA6312013,Дуже високий
UA6312015,Дуже високий
UA6312017,Дуже високий
UA6312019,Дуже високий
UA6312021,Дуже високий
UA6312023,Дуже високий
UA6312025,Дуже високий
UA6312027,Дуже високий
UA6312029,Дуже високий
UA6314001,Непереборний
UA6314003,Дуже високий
UA6314005,Дуже високий
UA6314007,Дуже високий
UA6314009,Дуже високий
UA6314011,Дуже високий
UA6314013,Дуже високий
UA6314015,Дуже високий
UA6314017,Дуже високий
UA6502001,Непереборний
UA6502003,Дуже високий
UA6502005,Дуже високий
UA6502007,Дуже високий
UA6502009,Дуже високий
UA6502011,Дуже високий
UA6502013,Непереборний
UA6502015,Дуже високий
UA6502017,Непереборний
UA6502019,Непереборний
UA6502021,Непереборний
UA6504001,Непереборний
UA6504003,Непереборний
UA6504005,Непереборний
UA6504007,Непереборний
UA6506001,Непереборний
UA6506003,Непереборний
UA6506005,Непереборний
UA6506007,Непереборний
UA6506009,Непереборний
UA6506011,Непереборний
UA6506013,Непереборний
UA6506015,Непереборний
UA6506017,Непереборний
UA6506019,Непереборний
UA6506021,Непереборний
UA6506023,Непереборний
UA6506025,Непереборний
UA6506027,Непереборний
UA6506029,Непереборний
UA6508001,Непереборний
UA6508003,Непереборний
UA6508005,Непереборний
UA6508007,Непереборний
UA6508009,Непереборний
UA6508011,Непереборний
UA6508013,Непереборний
UA6508015,Непереборний
UA6508017,Непереборний
UA6510001,Непереборний
UA6510003,Непереборний
UA6510005,Непереборний
UA6510007,Непереборний
UA6510009,Дуже високий
UA6510011,Непереборний
UA6510013,Непереборний
UA6510015,Непереборний
UA6510017,Дуже високий
UA6510019,Непереборний
UA6802001,Задовільний
UA6802003,Задовільний
UA6802005,Задовільний
UA6802007,Задовільний
UA6802009,Задовільний
UA6802011,Помірний
UA6802013,Задовільний
UA6802015,Задовільний
UA6802017,Задовільний
UA6802019,Задовільний
UA6802021,Задовільний
UA6802023,Задовільний
UA6802025,Задовільний
UA6802027,Задовільний
UA6802029,Задовільний
UA6804001,Задовільний
UA6804003,Задовільний
UA6804005,Задовільний
UA6804007,Помірний
UA6804009,Задовільний
UA6804011,Задовільний
UA6804013,Задовільний
UA6804015,Задовільний
UA6804017,Задовільний
UA6804019,Задовільний
UA6804021,Задовільний
UA6804023,Задовільний
UA6804025,Задовільний
UA6804027,Задовільний
UA6804029,Задовільний
UA6804031,Задовільний
UA6804033,Задовільний
UA6804035,Задовільний
UA6804037,Задовільний
UA6804039,Задовільний
UA6804041,Задовільний
UA6804043,Задовільний
UA6804045,Задовільний
UA6804047,Високий
UA6804049,Задовільний
UA6804051,Задовільний
UA6804053,Задовільний
UA6806001,Задовільний
UA6806003,Задовільний
UA6806005,Задовільний
UA6806007,Задовільний
UA6806009,Задовільний
UA6806011,Задовільний
UA6806013,Задовільний
UA6806015,Задовільний
UA6806017,Помірний
UA6806019,Задовільний
UA6806021,Задовільний
UA6806023,Задовільний
UA6806025,Задовільний
UA6806027,Помірний
UA6806029,Задовільний
UA6806031,Задовільний
UA6806033,Помірний
UA6806035,Задовільний
UA7102001,Задовільний
UA7102003,Помірний
UA7102005,Задовільний
UA7102007,Задовільний
UA7102009,Задовільний
UA7102011,Помірний
UA7102013,Задовільний
UA7102015,Помірний
UA7102017,Помірний
UA7102019,Задовільний
UA7102021,Помірний
UA7102023,Помірний
UA7102025,Задовільний
UA7102027,Задовільний
UA7102029,Помірний
UA7102031,Задовільний
UA7102033,Помірний
UA7104001,Помірний
UA7104003,Помірний
UA7104005,Помірний
UA7104007,Помірний
UA7104009,Помірний
UA7104011,Помірний
UA7104013,Помірний
UA7104015,Помірний
UA7104017,Помірний
UA7104019,Помірний
UA7104021,Помірний
UA7106001,Помірний
UA7106003,Задовільний
UA7106005,Задовільний
UA7106007,Помірний
UA7106009,Задовільний
UA7106011,Задовільний
UA7106013,Помірний
UA7106015,Задовільний
UA7106017,Задовільний
UA7106019,Помірний
UA7106021,Високий
UA7106023,Помірний
UA7108001,Помірний
UA7108003,Помірний
UA7108005,Помірний
UA7108007,Помірний
UA7108009,Помірний
UA7108011,Помірний
UA7108013,Помірний
UA7108015,Помірний
UA7108017,Задовільний
UA7108019,Помірний
UA7108021,Помірний
UA7108023,Помірний
UA7108025,Помірний
UA7108027,Задовільний
UA7108029,Помірний
UA7108031,Задовільний
UA7108033,Помірний
UA7108035,Помірний
UA7108037,Помірний
UA7108039,Помірний
UA7108041,Задовільний
UA7108043,Помірний
UA7108045,Помірний
UA7108047,Помірний
UA7108049,Високий
UA7108051,Помірний
UA7302001,Задовільний
UA7302003,Задовільний
UA7302005,Задовільний
UA7302007,Помірний
UA7302009,Задовільний
UA7302011,Задовільний
UA7302013,Задовільний
UA7302015,Задовільний
UA7302017,Задовільний
UA7304001,Задовільний
UA7304003,Задовільний
UA7304005,Задовільний
UA7304007,Задовільний
UA7304009,Задовільний
UA7304011,Задовільний
UA7304013,Помірний
UA7304015,Задовільний
UA7304017,Задовільний
UA7304019,Задовільний
UA7306001,Задовільний
UA7306003,Задовільний
UA7306005,Задовільний
UA7306007,Задовільний
UA7306009,Задовільний
UA7306011,Задовільний
UA7306013,Задовільний
UA7306015,Задовільний
UA7306017,Задовільний
UA7306019,Задовільний
UA7306021,Задовільний
UA7306023,Задовільний
UA7306025,Задовільний
UA7306027,Задовільний
UA7306029,Задовільний
UA7306031,Задовільний
UA7306033,Помірний
UA7306035,Задовільний
UA7306037,Задовільний
UA7306039,Задовільний
UA7306041,Задовільний
UA7306043,Задовільний
UA7306045,Задовільний
UA7306047,Задовільний
UA7306049,Задовільний
UA7306051,Задовільний
UA7306053,Задовільний
UA7306055,Задовільний
UA7306057,Задовільний
UA7306059,Задовільний
UA7306061,Задовільний
UA7306063,Задовільний
UA7306065,Задовільний
UA7402001,Непереборний
UA7402003,Дуже високий
UA7402005,Непереборний
UA7402007,Дуже високий
UA7402009,Дуже високий
UA7404001,Високий
UA7404003,Високий
UA7404005,Помірний
UA7404007,Високий
UA7404009,Високий
UA7404011,Високий
UA7404013,Високий
UA7404015,Високий
UA7404017,Високий
UA7404019,Високий
UA7404021,Помірний
UA7404023,Високий
UA7404025,Високий
UA7404027,Помірний
UA7404029,Високий
UA7404031,Високий
UA7404033,Високий
UA7406001,Дуже високий
UA7406003,Непереборний
UA7406005,Дуже високий
UA7406007,Непереборний
UA7408001,Помірний
UA7408003,Високий
UA7408005,Помірний
UA7408007,Помірний
UA7408009,Помірний
UA7408011,Високий
UA7408013,Помірний
UA7408015,Високий
UA7408017,Помірний
UA7408019,Високий
UA7408021,Помірний
UA7410001,Дуже високий
UA7410003,Дуже високий
UA7410005,Дуже високий
UA7410007,Дуже високий
UA7410009,Дуже високий
UA7410011,Високий
UA7410013,Високий
UA7410015,Дуже високий
UA7410017,Високий
UA7410019,Високий
UA7410021,Дуже високий
UA7410023,Дуже високий
UA7410025,Дуже високий
UA7410027,Високий
UA7410029,Високий
UA7410031,Дуже високий
UA7410033,Дуже високий
UA7410035,Дуже високий
UA7410037,Дуже високий
UA7410039,Високий
UA8000000,Високий
UA8500000,Непереборний
